elevasi;volume;area;;;;;;;;;;
224.50;0.00;113.370.46;;;;;;;;;;
224.51;1.135.30;113.690.49;;;;;;;;;;
224.52;2.273.81;114.010.51;;;;;;;;;;
224.53;3.415.51;114.330.53;;;;;;;;;;
224.54;4.560.42;114.650.56;;;;;;;;;;
224.55;5.708.53;114.970.58;;;;;;;;;;
224.56;6.859.83;115.290.61;;;;;;;;;;
224.57;8.014.34;115.610.63;;;;;;;;;;
224.58;9.172.04;115.930.66;;;;;;;;;;
224.59;10.332.95;116.250.68;;;;;;;;;;
224.60;11.497.06;116.570.70;;;;;;;;;;
224.61;12.664.37;116.890.73;;;;;;;;;;
224.62;13.834.87;117.210.75;;;;;;;;;;
224.63;15.008.58;117.530.78;;;;;;;;;;
224.64;16.185.49;117.850.80;;;;;;;;;;
224.65;17.365.60;118.170.82;;;;;;;;;;
224.66;18.548.90;118.490.85;;;;;;;;;;
224.67;19.735.41;118.810.87;;;;;;;;;;
224.68;20.925.12;119.130.90;;;;;;;;;;
224.69;22.118.03;119.450.92;;;;;;;;;;
224.70;23.314.14;119.770.95;;;;;;;;;;
224.71;24.513.45;120.090.97;;;;;;;;;;
224.72;25.715.96;120.410.99;;;;;;;;;;
224.73;26.921.67;120.731.02;;;;;;;;;;
224.74;28.130.58;121.051.04;;;;;;;;;;
224.75;29.342.69;121.371.07;;;;;;;;;;
224.76;30.558.00;121.691.09;;;;;;;;;;
224.77;31.776.51;122.011.12;;;;;;;;;;
224.78;32.998.22;122.331.14;;;;;;;;;;
224.79;34.223.14;122.651.16;;;;;;;;;;
224.80;35.451.25;122.971.19;;;;;;;;;;
224.81;36.682.56;123.291.21;;;;;;;;;;
224.82;37.917.07;123.611.24;;;;;;;;;;
224.83;39.154.78;123.931.26;;;;;;;;;;
224.84;40.395.70;124.251.28;;;;;;;;;;
224.85;41.639.81;124.571.31;;;;;;;;;;
224.86;42.887.12;124.891.33;;;;;;;;;;
224.87;44.137.64;125.211.36;;;;;;;;;;
224.88;45.391.35;125.531.38;;;;;;;;;;
224.89;46.648.26;125.851.41;;;;;;;;;;
224.90;47.908.38;126.171.43;;;;;;;;;;
224.91;49.171.69;126.491.45;;;;;;;;;;
224.92;50.438.21;126.811.48;;;;;;;;;;
224.93;51.707.92;127.131.50;;;;;;;;;;
224.94;52.980.84;127.451.53;;;;;;;;;;
224.95;54.256.95;127.771.55;;;;;;;;;;
224.96;55.536.27;128.091.58;;;;;;;;;;
224.97;56.818.78;128.411.60;;;;;;;;;;
224.98;58.104.50;128.731.62;;;;;;;;;;
224.99;59.393.42;129.051.65;;;;;;;;;;
225.00;60.685.53;129.371.67;;;;;;;;;;
225.01;61.979.91;129.503.20;;;;;;;;;;
225.02;63.275.60;129.634.74;;;;;;;;;;
225.03;64.572.60;129.766.27;;;;;;;;;;
225.04;65.870.92;129.897.80;;;;;;;;;;
225.05;67.170.56;130.029.33;;;;;;;;;;
225.06;68.471.51;130.160.87;;;;;;;;;;
225.07;69.773.78;130.292.40;;;;;;;;;;
225.08;71.077.36;130.423.93;;;;;;;;;;
225.09;72.382.25;130.555.46;;;;;;;;;;
225.10;73.688.47;130.686.99;;;;;;;;;;
225.11;74.995.99;130.818.53;;;;;;;;;;
225.12;76.304.84;130.950.06;;;;;;;;;;
225.13;77.615.00;131.081.59;;;;;;;;;;
225.14;78.926.47;131.213.12;;;;;;;;;;
225.15;80.239.26;131.344.66;;;;;;;;;;
225.16;81.553.36;131.476.19;;;;;;;;;;
225.17;82.868.78;131.607.72;;;;;;;;;;
225.18;84.185.52;131.739.25;;;;;;;;;;
225.19;85.503.57;131.870.78;;;;;;;;;;
225.20;86.822.93;132.002.32;;;;;;;;;;
225.21;88.143.61;132.133.85;;;;;;;;;;
225.22;89.465.61;132.265.38;;;;;;;;;;
225.23;90.788.92;132.396.91;;;;;;;;;;
225.24;92.113.55;132.528.45;;;;;;;;;;
225.25;93.439.49;132.659.98;;;;;;;;;;
225.26;94.766.75;132.791.51;;;;;;;;;;
225.27;96.095.32;132.923.04;;;;;;;;;;
225.28;97.425.21;133.054.57;;;;;;;;;;
225.29;98.756.41;133.186.11;;;;;;;;;;
225.30;100.088.93;133.317.64;;;;;;;;;;
225.31;101.422.76;133.449.17;;;;;;;;;;
225.32;102.757.91;133.580.70;;;;;;;;;;
225.33;104.094.38;133.712.23;;;;;;;;;;
225.34;105.432.16;133.843.77;;;;;;;;;;
225.35;106.771.25;133.975.30;;;;;;;;;;
225.36;108.111.66;134.106.83;;;;;;;;;;
225.37;109.453.39;134.238.36;;;;;;;;;;
225.38;110.796.43;134.369.90;;;;;;;;;;
225.39;112.140.79;134.501.43;;;;;;;;;;
225.40;113.486.46;134.632.96;;;;;;;;;;
225.41;114.833.45;134.764.49;;;;;;;;;;
225.42;116.181.75;134.896.02;;;;;;;;;;
225.43;117.531.37;135.027.56;;;;;;;;;;
225.44;118.882.30;135.159.09;;;;;;;;;;
225.45;120.234.55;135.290.62;;;;;;;;;;
225.46;121.588.11;135.422.15;;;;;;;;;;
225.47;122.942.99;135.553.69;;;;;;;;;;
225.48;124.299.19;135.685.22;;;;;;;;;;
225.49;125.656.70;135.816.75;;;;;;;;;;
225.50;127.015.52;135.948.28;;;;;;;;;;
225.51;128.375.66;136.079.81;;;;;;;;;;
225.52;129.737.12;136.211.35;;;;;;;;;;
225.53;131.099.89;136.342.88;;;;;;;;;;
225.54;132.463.98;136.474.41;;;;;;;;;;
225.55;133.829.38;136.605.94;;;;;;;;;;
225.56;135.196.09;136.737.48;;;;;;;;;;
225.57;136.564.13;136.869.01;;;;;;;;;;
225.58;137.933.47;137.000.54;;;;;;;;;;
225.59;139.304.14;137.132.07;;;;;;;;;;
225.60;140.676.12;137.263.60;;;;;;;;;;
225.61;142.049.41;137.395.14;;;;;;;;;;
225.62;143.424.02;137.526.67;;;;;;;;;;
225.63;144.799.94;137.658.20;;;;;;;;;;
225.64;146.177.18;137.789.73;;;;;;;;;;
225.65;147.555.74;137.921.26;;;;;;;;;;
225.66;148.935.61;138.052.80;;;;;;;;;;
225.67;150.316.79;138.184.33;;;;;;;;;;
225.68;151.699.30;138.315.86;;;;;;;;;;
225.69;153.083.11;138.447.39;;;;;;;;;;
225.70;154.468.24;138.578.93;;;;;;;;;;
225.71;155.854.69;138.710.46;;;;;;;;;;
225.72;157.242.45;138.841.99;;;;;;;;;;
225.73;158.631.53;138.973.52;;;;;;;;;;
225.74;160.021.92;139.105.05;;;;;;;;;;
225.75;161.413.63;139.236.59;;;;;;;;;;
225.76;162.806.65;139.368.12;;;;;;;;;;
225.77;164.200.99;139.499.65;;;;;;;;;;
225.78;165.596.65;139.631.18;;;;;;;;;;
225.79;166.993.62;139.762.72;;;;;;;;;;
225.80;168.391.90;139.894.25;;;;;;;;;;
225.81;169.791.50;140.025.78;;;;;;;;;;
225.82;171.192.42;140.157.31;;;;;;;;;;
225.83;172.594.65;140.288.84;;;;;;;;;;
225.84;173.998.19;140.420.38;;;;;;;;;;
225.85;175.403.06;140.551.91;;;;;;;;;;
225.86;176.809.23;140.683.44;;;;;;;;;;
225.87;178.216.72;140.814.97;;;;;;;;;;
225.88;179.625.53;140.946.51;;;;;;;;;;
225.89;181.035.65;141.078.04;;;;;;;;;;
225.90;182.447.09;141.209.57;;;;;;;;;;
225.91;183.859.85;141.341.10;;;;;;;;;;
225.92;185.273.91;141.472.63;;;;;;;;;;
225.93;186.689.30;141.604.17;;;;;;;;;;
225.94;188.106.00;141.735.70;;;;;;;;;;
225.95;189.524.01;141.867.23;;;;;;;;;;
225.96;190.943.34;141.998.76;;;;;;;;;;
225.97;192.363.99;142.130.29;;;;;;;;;;
225.98;193.785.95;142.261.83;;;;;;;;;;
225.99;195.209.22;142.393.36;;;;;;;;;;
226.00;196.633.82;142.524.89;;;;;;;;;;
226.01;198.062.17;143.145.09;;;;;;;;;;
226.02;199.496.72;143.765.29;;;;;;;;;;
226.03;200.937.47;144.385.49;;;;;;;;;;
226.04;202.384.43;145.005.68;;;;;;;;;;
226.05;203.837.58;145.625.88;;;;;;;;;;
226.06;205.296.94;146.246.08;;;;;;;;;;
226.07;206.762.51;146.866.28;;;;;;;;;;
226.08;208.234.27;147.486.48;;;;;;;;;;
226.09;209.712.24;148.106.68;;;;;;;;;;
226.10;211.196.40;148.726.87;;;;;;;;;;
226.11;212.686.77;149.347.07;;;;;;;;;;
226.12;214.183.35;149.967.27;;;;;;;;;;
226.13;215.686.12;150.587.47;;;;;;;;;;
226.14;217.195.09;151.207.67;;;;;;;;;;
226.15;218.710.27;151.827.86;;;;;;;;;;
226.16;220.231.65;152.448.06;;;;;;;;;;
226.17;221.759.23;153.068.26;;;;;;;;;;
226.18;223.293.02;153.688.46;;;;;;;;;;
226.19;224.833.00;154.308.66;;;;;;;;;;
226.20;226.379.19;154.928.86;;;;;;;;;;
226.21;227.931.58;155.549.05;;;;;;;;;;
226.22;229.490.17;156.169.25;;;;;;;;;;
226.23;231.054.96;156.789.45;;;;;;;;;;
226.24;232.625.96;157.409.65;;;;;;;;;;
226.25;234.203.16;158.029.85;;;;;;;;;;
226.26;235.786.56;158.650.05;;;;;;;;;;
226.27;237.376.16;159.270.24;;;;;;;;;;
226.28;238.971.96;159.890.44;;;;;;;;;;
226.29;240.573.97;160.510.64;;;;;;;;;;
226.30;242.182.17;161.130.84;;;;;;;;;;
226.31;243.796.58;161.751.04;;;;;;;;;;
226.32;245.417.20;162.371.23;;;;;;;;;;
226.33;247.044.01;162.991.43;;;;;;;;;;
226.34;248.677.02;163.611.63;;;;;;;;;;
226.35;250.316.24;164.231.83;;;;;;;;;;
226.36;251.961.66;164.852.03;;;;;;;;;;
226.37;253.613.28;165.472.23;;;;;;;;;;
226.38;255.271.11;166.092.42;;;;;;;;;;
226.39;256.935.13;166.712.62;;;;;;;;;;
226.40;258.605.36;167.332.82;;;;;;;;;;
226.41;260.281.79;167.953.02;;;;;;;;;;
226.42;261.964.42;168.573.22;;;;;;;;;;
226.43;263.653.25;169.193.41;;;;;;;;;;
226.44;265.348.29;169.813.61;;;;;;;;;;
226.45;267.049.52;170.433.81;;;;;;;;;;
226.46;268.756.96;171.054.01;;;;;;;;;;
226.47;270.470.60;171.674.21;;;;;;;;;;
226.48;272.190.45;172.294.41;;;;;;;;;;
226.49;273.916.49;172.914.60;;;;;;;;;;
226.50;275.648.74;173.534.80;;;;;;;;;;
226.51;277.387.19;174.155.00;;;;;;;;;;
226.52;279.131.84;174.775.20;;;;;;;;;;
226.53;280.882.69;175.395.40;;;;;;;;;;
226.54;282.639.75;176.015.60;;;;;;;;;;
226.55;284.403.00;176.635.79;;;;;;;;;;
226.56;286.172.46;177.255.99;;;;;;;;;;
226.57;287.948.12;177.876.19;;;;;;;;;;
226.58;289.729.99;178.496.39;;;;;;;;;;
226.59;291.518.05;179.116.59;;;;;;;;;;
226.60;293.312.32;179.736.78;;;;;;;;;;
226.61;295.112.79;180.356.98;;;;;;;;;;
226.62;296.919.46;180.977.18;;;;;;;;;;
226.63;298.732.33;181.597.38;;;;;;;;;;
226.64;300.551.41;182.217.58;;;;;;;;;;
226.65;302.376.68;182.837.78;;;;;;;;;;
226.66;304.208.16;183.457.97;;;;;;;;;;
226.67;306.045.84;184.078.17;;;;;;;;;;
226.68;307.889.72;184.698.37;;;;;;;;;;
226.69;309.739.81;185.318.57;;;;;;;;;;
226.70;311.596.10;185.938.77;;;;;;;;;;
226.71;313.458.58;186.558.97;;;;;;;;;;
226.72;315.327.28;187.179.16;;;;;;;;;;
226.73;317.202.17;187.799.36;;;;;;;;;;
226.74;319.083.26;188.419.56;;;;;;;;;;
226.75;320.970.56;189.039.76;;;;;;;;;;
226.76;322.864.06;189.659.96;;;;;;;;;;
226.77;324.763.76;190.280.15;;;;;;;;;;
226.78;326.669.66;190.900.35;;;;;;;;;;
226.79;328.581.77;191.520.55;;;;;;;;;;
226.80;330.500.07;192.140.75;;;;;;;;;;
226.81;332.424.58;192.760.95;;;;;;;;;;
226.82;334.355.29;193.381.15;;;;;;;;;;
226.83;336.292.20;194.001.34;;;;;;;;;;
226.84;338.235.32;194.621.54;;;;;;;;;;
226.85;340.184.63;195.241.74;;;;;;;;;;
226.86;342.140.15;195.861.94;;;;;;;;;;
226.87;344.101.87;196.482.14;;;;;;;;;;
226.88;346.069.79;197.102.33;;;;;;;;;;
226.89;348.043.92;197.722.53;;;;;;;;;;
226.90;350.024.25;198.342.73;;;;;;;;;;
226.91;352.010.77;198.962.93;;;;;;;;;;
226.92;354.003.50;199.583.13;;;;;;;;;;
226.93;356.002.44;200.203.33;;;;;;;;;;
226.94;358.007.57;200.823.52;;;;;;;;;;
226.95;360.018.91;201.443.72;;;;;;;;;;
226.96;362.036.45;202.063.92;;;;;;;;;;
226.97;364.060.19;202.684.12;;;;;;;;;;
226.98;366.090.13;203.304.32;;;;;;;;;;
226.99;368.126.27;203.924.52;;;;;;;;;;
227.00;370.168.62;204.544.71;;;;;;;;;;
227.01;372.265.91;214.913.16;;;;;;;;;;
227.02;374.466.88;225.281.60;;;;;;;;;;
227.03;376.771.54;235.650.04;;;;;;;;;;
227.04;379.179.88;246.018.48;;;;;;;;;;
227.05;381.691.91;256.386.92;;;;;;;;;;
227.06;384.307.62;266.755.36;;;;;;;;;;
227.07;387.027.02;277.123.81;;;;;;;;;;
227.08;389.850.10;287.492.25;;;;;;;;;;
227.09;392.776.86;297.860.69;;;;;;;;;;
227.10;395.807.31;308.229.13;;;;;;;;;;
227.11;398.941.44;318.597.57;;;;;;;;;;
227.12;402.179.26;328.966.02;;;;;;;;;;
227.13;405.520.76;339.334.46;;;;;;;;;;
227.14;408.965.95;349.702.90;;;;;;;;;;
227.15;412.514.82;360.071.34;;;;;;;;;;
227.16;416.167.38;370.439.78;;;;;;;;;;
227.17;419.923.62;380.808.23;;;;;;;;;;
227.18;423.783.54;391.176.67;;;;;;;;;;
227.19;427.747.15;401.545.11;;;;;;;;;;
227.20;431.814.44;411.913.55;;;;;;;;;;
227.21;435.985.42;422.281.99;;;;;;;;;;
227.22;440.260.08;432.650.44;;;;;;;;;;
227.23;444.638.43;443.018.88;;;;;;;;;;
227.24;449.120.46;453.387.32;;;;;;;;;;
227.25;453.706.18;463.755.76;;;;;;;;;;
227.26;458.395.58;474.124.20;;;;;;;;;;
227.27;463.188.66;484.492.64;;;;;;;;;;
227.28;468.085.43;494.861.09;;;;;;;;;;
227.29;473.085.88;505.229.53;;;;;;;;;;
227.30;478.190.02;515.597.97;;;;;;;;;;
227.31;483.397.84;525.966.41;;;;;;;;;;
227.32;488.709.35;536.334.85;;;;;;;;;;
227.33;494.124.54;546.703.30;;;;;;;;;;
227.34;499.643.41;557.071.74;;;;;;;;;;
227.35;505.265.97;567.440.18;;;;;;;;;;
227.36;510.992.22;577.808.62;;;;;;;;;;
227.37;516.822.15;588.177.06;;;;;;;;;;
227.38;522.755.76;598.545.51;;;;;;;;;;
227.39;528.793.06;608.913.95;;;;;;;;;;
227.40;534.934.04;619.282.39;;;;;;;;;;
227.41;541.178.70;629.650.83;;;;;;;;;;
227.42;547.527.06;640.019.27;;;;;;;;;;
227.43;553.979.09;650.387.72;;;;;;;;;;
227.44;560.534.81;660.756.16;;;;;;;;;;
227.45;567.194.21;671.124.60;;;;;;;;;;
227.46;573.957.30;681.493.04;;;;;;;;;;
227.47;580.824.07;691.861.48;;;;;;;;;;
227.48;587.794.53;702.229.92;;;;;;;;;;
227.49;594.868.67;712.598.37;;;;;;;;;;
227.50;602.046.50;722.966.81;;;;;;;;;;
227.51;609.328.01;733.335.25;;;;;;;;;;
227.52;616.713.20;743.703.69;;;;;;;;;;
227.53;624.202.08;754.072.13;;;;;;;;;;
227.54;631.794.65;764.440.58;;;;;;;;;;
227.55;639.490.89;774.809.02;;;;;;;;;;
227.56;647.290.83;785.177.46;;;;;;;;;;
227.57;655.194.44;795.545.90;;;;;;;;;;
227.58;663.201.74;805.914.34;;;;;;;;;;
227.59;671.312.73;816.282.79;;;;;;;;;;
227.60;679.527.40;826.651.23;;;;;;;;;;
227.61;687.845.75;837.019.67;;;;;;;;;;
227.62;696.267.79;847.388.11;;;;;;;;;;
227.63;704.793.52;857.756.55;;;;;;;;;;
227.64;713.422.92;868.124.99;;;;;;;;;;
227.65;722.156.02;878.493.44;;;;;;;;;;
227.66;730.992.79;888.861.88;;;;;;;;;;
227.67;739.933.25;899.230.32;;;;;;;;;;
227.68;748.977.40;909.598.76;;;;;;;;;;
227.69;758.125.23;919.967.20;;;;;;;;;;
227.70;767.376.74;930.335.65;;;;;;;;;;
227.71;776.731.94;940.704.09;;;;;;;;;;
227.72;786.190.83;951.072.53;;;;;;;;;;
227.73;795.753.39;961.440.97;;;;;;;;;;
227.74;805.419.64;971.809.41;;;;;;;;;;
227.75;815.189.58;982.177.86;;;;;;;;;;
227.76;825.063.20;992.546.30;;;;;;;;;;
227.77;835.040.51;1.002.914.74;;;;;;;;;;
227.78;845.121.50;1.013.283.18;;;;;;;;;;
227.79;855.306.17;1.023.651.62;;;;;;;;;;
227.80;865.594.53;1.034.020.07;;;;;;;;;;
227.81;875.986.57;1.044.388.51;;;;;;;;;;
227.82;886.482.30;1.054.756.95;;;;;;;;;;
227.83;897.081.71;1.065.125.39;;;;;;;;;;
227.84;907.784.81;1.075.493.83;;;;;;;;;;
227.85;918.591.59;1.085.862.27;;;;;;;;;;
227.86;929.502.05;1.096.230.72;;;;;;;;;;
227.87;940.516.20;1.106.599.16;;;;;;;;;;
227.88;951.634.04;1.116.967.60;;;;;;;;;;
227.89;962.855.55;1.127.336.04;;;;;;;;;;
227.90;974.180.76;1.137.704.48;;;;;;;;;;
227.91;985.609.64;1.148.072.93;;;;;;;;;;
227.92;997.142.22;1.158.441.37;;;;;;;;;;
227.93;1.008.778.47;1.168.809.81;;;;;;;;;;
227.94;1.020.518.41;1.179.178.25;;;;;;;;;;
227.95;1.032.362.04;1.189.546.69;;;;;;;;;;
227.96;1.044.309.35;1.199.915.14;;;;;;;;;;
227.97;1.056.360.34;1.210.283.58;;;;;;;;;;
227.98;1.068.515.02;1.220.652.02;;;;;;;;;;
227.99;1.080.773.38;1.231.020.46;;;;;;;;;;
228.00;1.093.135.43;1.241.388.90;;;;;;;;;;
228.01;1.105.642.96;1.260.117.38;;;;;;;;;;
228.02;1.118.337.77;1.278.845.86;;;;;;;;;;
228.03;1.131.219.87;1.297.574.33;;;;;;;;;;
228.04;1.144.289.26;1.316.302.81;;;;;;;;;;
228.05;1.157.545.93;1.335.031.29;;;;;;;;;;
228.06;1.170.989.89;1.353.759.76;;;;;;;;;;
228.07;1.184.621.13;1.372.488.24;;;;;;;;;;
228.08;1.198.439.65;1.391.216.71;;;;;;;;;;
228.09;1.212.445.46;1.409.945.19;;;;;;;;;;
228.10;1.226.638.55;1.428.673.67;;;;;;;;;;
228.11;1.241.018.93;1.447.402.14;;;;;;;;;;
228.12;1.255.586.60;1.466.130.62;;;;;;;;;;
228.13;1.270.341.55;1.484.859.10;;;;;;;;;;
228.14;1.285.283.78;1.503.587.57;;;;;;;;;;
228.15;1.300.413.30;1.522.316.05;;;;;;;;;;
228.16;1.315.730.10;1.541.044.53;;;;;;;;;;
228.17;1.331.234.19;1.559.773.00;;;;;;;;;;
228.18;1.346.925.56;1.578.501.48;;;;;;;;;;
228.19;1.362.804.22;1.597.229.96;;;;;;;;;;
228.20;1.378.870.16;1.615.958.43;;;;;;;;;;
228.21;1.395.123.39;1.634.686.91;;;;;;;;;;
228.22;1.411.563.90;1.653.415.38;;;;;;;;;;
228.23;1.428.191.69;1.672.143.86;;;;;;;;;;
228.24;1.445.006.78;1.690.872.34;;;;;;;;;;
228.25;1.462.009.14;1.709.600.81;;;;;;;;;;
228.26;1.479.198.79;1.728.329.29;;;;;;;;;;
228.27;1.496.575.73;1.747.057.77;;;;;;;;;;
228.28;1.514.139.95;1.765.786.24;;;;;;;;;;
228.29;1.531.891.45;1.784.514.72;;;;;;;;;;
228.30;1.549.830.24;1.803.243.20;;;;;;;;;;
228.31;1.567.956.32;1.821.971.67;;;;;;;;;;
228.32;1.586.269.67;1.840.700.15;;;;;;;;;;
228.33;1.604.770.32;1.859.428.63;;;;;;;;;;
228.34;1.623.458.25;1.878.157.10;;;;;;;;;;
228.35;1.642.333.46;1.896.885.58;;;;;;;;;;
228.36;1.661.395.96;1.915.614.06;;;;;;;;;;
228.37;1.680.645.74;1.934.342.53;;;;;;;;;;
228.38;1.700.082.81;1.953.071.01;;;;;;;;;;
228.39;1.719.707.16;1.971.799.48;;;;;;;;;;
228.40;1.739.518.80;1.990.527.96;;;;;;;;;;
228.41;1.759.517.72;2.009.256.44;;;;;;;;;;
228.42;1.779.703.93;2.027.984.91;;;;;;;;;;
228.43;1.800.077.42;2.046.713.39;;;;;;;;;;
228.44;1.820.638.20;2.065.441.87;;;;;;;;;;
228.45;1.841.386.26;2.084.170.34;;;;;;;;;;
228.46;1.862.321.60;2.102.898.82;;;;;;;;;;
228.47;1.883.444.23;2.121.627.30;;;;;;;;;;
228.48;1.904.754.15;2.140.355.77;;;;;;;;;;
228.49;1.926.251.35;2.159.084.25;;;;;;;;;;
228.50;1.947.935.83;2.177.812.73;;;;;;;;;;
228.51;1.969.807.60;2.196.541.20;;;;;;;;;;
228.52;1.991.866.66;2.215.269.68;;;;;;;;;;
228.53;2.014.113.00;2.233.998.15;;;;;;;;;;
228.54;2.036.546.62;2.252.726.63;;;;;;;;;;
228.55;2.059.167.53;2.271.455.11;;;;;;;;;;
228.56;2.081.975.72;2.290.183.58;;;;;;;;;;
228.57;2.104.971.20;2.308.912.06;;;;;;;;;;
228.58;2.128.153.96;2.327.640.54;;;;;;;;;;
228.59;2.151.524.01;2.346.369.01;;;;;;;;;;
228.60;2.175.081.34;2.365.097.49;;;;;;;;;;
228.61;2.198.825.96;2.383.825.97;;;;;;;;;;
228.62;2.222.757.86;2.402.554.44;;;;;;;;;;
228.63;2.246.877.05;2.421.282.92;;;;;;;;;;
228.64;2.271.183.52;2.440.011.40;;;;;;;;;;
228.65;2.295.677.28;2.458.739.87;;;;;;;;;;
228.66;2.320.358.32;2.477.468.35;;;;;;;;;;
228.67;2.345.226.65;2.496.196.83;;;;;;;;;;
228.68;2.370.282.26;2.514.925.30;;;;;;;;;;
228.69;2.395.525.15;2.533.653.78;;;;;;;;;;
228.70;2.420.955.33;2.552.382.25;;;;;;;;;;
228.71;2.446.572.80;2.571.110.73;;;;;;;;;;
228.72;2.472.377.55;2.589.839.21;;;;;;;;;;
228.73;2.498.369.58;2.608.567.68;;;;;;;;;;
228.74;2.524.548.90;2.627.296.16;;;;;;;;;;
228.75;2.550.915.50;2.646.024.64;;;;;;;;;;
228.76;2.577.469.39;2.664.753.11;;;;;;;;;;
228.77;2.604.210.57;2.683.481.59;;;;;;;;;;
228.78;2.631.139.02;2.702.210.07;;;;;;;;;;
228.79;2.658.254.77;2.720.938.54;;;;;;;;;;
228.80;2.685.557.80;2.739.667.02;;;;;;;;;;
228.81;2.713.048.11;2.758.395.50;;;;;;;;;;
228.82;2.740.725.70;2.777.123.97;;;;;;;;;;
228.83;2.768.590.59;2.795.852.45;;;;;;;;;;
228.84;2.796.642.75;2.814.580.93;;;;;;;;;;
228.85;2.824.882.21;2.833.309.40;;;;;;;;;;
228.86;2.853.308.94;2.852.037.88;;;;;;;;;;
228.87;2.881.922.96;2.870.766.35;;;;;;;;;;
228.88;2.910.724.27;2.889.494.83;;;;;;;;;;
228.89;2.939.712.86;2.908.223.31;;;;;;;;;;
228.90;2.968.888.74;2.926.951.78;;;;;;;;;;
228.91;2.998.251.90;2.945.680.26;;;;;;;;;;
228.92;3.027.802.34;2.964.408.74;;;;;;;;;;
228.93;3.057.540.07;2.983.137.21;;;;;;;;;;
228.94;3.087.465.08;3.001.865.69;;;;;;;;;;
228.95;3.117.577.38;3.020.594.17;;;;;;;;;;
228.96;3.147.876.97;3.039.322.64;;;;;;;;;;
228.97;3.178.363.84;3.058.051.12;;;;;;;;;;
228.98;3.209.037.99;3.076.779.60;;;;;;;;;;
228.99;3.239.899.43;3.095.508.07;;;;;;;;;;
229.00;3.270.948.15;3.114.236.55;;;;;;;;;;
229.01;3.302.224.24;3.140.980.28;;;;;;;;;;
229.02;3.333.767.76;3.167.724.00;;;;;;;;;;
229.03;3.365.578.72;3.194.467.73;;;;;;;;;;
229.04;3.397.657.11;3.221.211.46;;;;;;;;;;
229.05;3.430.002.95;3.247.955.19;;;;;;;;;;
229.06;3.462.616.22;3.274.698.92;;;;;;;;;;
229.07;3.495.496.92;3.301.442.65;;;;;;;;;;
229.08;3.528.645.07;3.328.186.37;;;;;;;;;;
229.09;3.562.060.65;3.354.930.10;;;;;;;;;;
229.10;3.595.743.67;3.381.673.83;;;;;;;;;;
229.11;3.629.694.13;3.408.417.56;;;;;;;;;;
229.12;3.663.912.02;3.435.161.29;;;;;;;;;;
229.13;3.698.397.35;3.461.905.01;;;;;;;;;;
229.14;3.733.150.12;3.488.648.74;;;;;;;;;;
229.15;3.768.170.33;3.515.392.47;;;;;;;;;;
229.16;3.803.457.97;3.542.136.20;;;;;;;;;;
229.17;3.839.013.05;3.568.879.93;;;;;;;;;;
229.18;3.874.835.57;3.595.623.65;;;;;;;;;;
229.19;3.910.925.53;3.622.367.38;;;;;;;;;;
229.20;3.947.282.92;3.649.111.11;;;;;;;;;;
229.21;3.983.907.75;3.675.854.84;;;;;;;;;;
229.22;4.020.800.01;3.702.598.57;;;;;;;;;;
229.23;4.057.959.72;3.729.342.30;;;;;;;;;;
229.24;4.095.386.86;3.756.086.02;;;;;;;;;;
229.25;4.133.081.44;3.782.829.75;;;;;;;;;;
229.26;4.171.043.46;3.809.573.48;;;;;;;;;;
229.27;4.209.272.91;3.836.317.21;;;;;;;;;;
229.28;4.247.769.80;3.863.060.94;;;;;;;;;;
229.29;4.286.534.13;3.889.804.66;;;;;;;;;;
229.30;4.325.565.89;3.916.548.39;;;;;;;;;;
229.31;4.364.865.10;3.943.292.12;;;;;;;;;;
229.32;4.404.431.74;3.970.035.85;;;;;;;;;;
229.33;4.444.265.81;3.996.779.58;;;;;;;;;;
229.34;4.484.367.33;4.023.523.30;;;;;;;;;;
229.35;4.524.736.28;4.050.267.03;;;;;;;;;;
229.36;4.565.372.67;4.077.010.76;;;;;;;;;;
229.37;4.606.276.49;4.103.754.49;;;;;;;;;;
229.38;4.647.447.76;4.130.498.22;;;;;;;;;;
229.39;4.688.886.46;4.157.241.95;;;;;;;;;;
229.40;4.730.592.60;4.183.985.67;;;;;;;;;;
229.41;4.772.566.17;4.210.729.40;;;;;;;;;;
229.42;4.814.807.18;4.237.473.13;;;;;;;;;;
229.43;4.857.315.63;4.264.216.86;;;;;;;;;;
229.44;4.900.091.52;4.290.960.59;;;;;;;;;;
229.45;4.943.134.85;4.317.704.31;;;;;;;;;;
229.46;4.986.445.61;4.344.448.04;;;;;;;;;;
229.47;5.030.023.81;4.371.191.77;;;;;;;;;;
229.48;5.073.869.44;4.397.935.50;;;;;;;;;;
229.49;5.117.982.52;4.424.679.23;;;;;;;;;;
229.50;5.162.363.03;4.451.422.95;;;;;;;;;;
229.51;5.207.010.98;4.478.166.68;;;;;;;;;;
229.52;5.251.926.36;4.504.910.41;;;;;;;;;;
229.53;5.297.109.18;4.531.654.14;;;;;;;;;;
229.54;5.342.559.44;4.558.397.87;;;;;;;;;;
229.55;5.388.277.14;4.585.141.60;;;;;;;;;;
229.56;5.434.262.28;4.611.885.32;;;;;;;;;;
229.57;5.480.514.85;4.638.629.05;;;;;;;;;;
229.58;5.527.034.86;4.665.372.78;;;;;;;;;;
229.59;5.573.822.30;4.692.116.51;;;;;;;;;;
229.60;5.620.877.19;4.718.860.24;;;;;;;;;;
229.61;5.668.199.51;4.745.603.96;;;;;;;;;;
229.62;5.715.789.27;4.772.347.69;;;;;;;;;;
229.63;5.763.646.46;4.799.091.42;;;;;;;;;;
229.64;5.811.771.09;4.825.835.15;;;;;;;;;;
229.65;5.860.163.16;4.852.578.88;;;;;;;;;;
229.66;5.908.822.67;4.879.322.60;;;;;;;;;;
229.67;5.957.749.62;4.906.066.33;;;;;;;;;;
229.68;6.006.944.00;4.932.810.06;;;;;;;;;;
229.69;6.056.405.82;4.959.553.79;;;;;;;;;;
229.70;6.106.135.07;4.986.297.52;;;;;;;;;;
229.71;6.156.131.77;5.013.041.25;;;;;;;;;;
229.72;6.206.395.90;5.039.784.97;;;;;;;;;;
229.73;6.256.927.47;5.066.528.70;;;;;;;;;;
229.74;6.307.726.47;5.093.272.43;;;;;;;;;;
229.75;6.358.792.92;5.120.016.16;;;;;;;;;;
229.76;6.410.126.80;5.146.759.89;;;;;;;;;;
229.77;6.461.728.11;5.173.503.61;;;;;;;;;;
229.78;6.513.596.87;5.200.247.34;;;;;;;;;;
229.79;6.565.733.06;5.226.991.07;;;;;;;;;;
229.80;6.618.136.69;5.253.734.80;;;;;;;;;;
229.81;6.670.807.76;5.280.478.53;;;;;;;;;;
229.82;6.723.746.26;5.307.222.25;;;;;;;;;;
229.83;6.776.952.20;5.333.965.98;;;;;;;;;;
229.84;6.830.425.58;5.360.709.71;;;;;;;;;;
229.85;6.884.166.40;5.387.453.44;;;;;;;;;;
229.86;6.938.174.65;5.414.197.17;;;;;;;;;;
229.87;6.992.450.34;5.440.940.90;;;;;;;;;;
229.88;7.046.993.47;5.467.684.62;;;;;;;;;;
229.89;7.101.804.03;5.494.428.35;;;;;;;;;;
229.90;7.156.882.03;5.521.172.08;;;;;;;;;;
229.91;7.212.227.47;5.547.915.81;;;;;;;;;;
229.92;7.267.840.35;5.574.659.54;;;;;;;;;;
229.93;7.323.720.66;5.601.403.26;;;;;;;;;;
229.94;7.379.868.42;5.628.146.99;;;;;;;;;;
229.95;7.436.283.60;5.654.890.72;;;;;;;;;;
229.96;7.492.966.23;5.681.634.45;;;;;;;;;;
229.97;7.549.916.29;5.708.378.18;;;;;;;;;;
229.98;7.607.133.79;5.735.121.90;;;;;;;;;;
229.99;7.664.618.73;5.761.865.63;;;;;;;;;;
230.00;7.722.371.11;5.788.609.36;;;;;;;;;;
230.50;10.825.221.62;6.622.792.71;;;;;;;;;;
230.49;10.759.077.12;6.606.109.04;;;;;;;;;;
230.48;10.693.099.44;6.589.425.38;;;;;;;;;;
230.47;10.627.288.61;6.572.741.71;;;;;;;;;;
230.46;10.561.644.61;6.556.058.04;;;;;;;;;;
230.45;10.496.167.45;6.539.374.38;;;;;;;;;;
230.44;10.430.857.12;6.522.690.71;;;;;;;;;;
230.43;10.365.713.63;6.506.007.04;;;;;;;;;;
230.42;10.300.736.98;6.489.323.38;;;;;;;;;;
230.41;10.235.927.17;6.472.639.71;;;;;;;;;;
230.40;10.171.284.19;6.455.956.04;;;;;;;;;;
230.39;10.106.808.04;6.439.272.37;;;;;;;;;;
230.38;10.042.498.74;6.422.588.71;;;;;;;;;;
230.37;9.978.356.27;6.405.905.04;;;;;;;;;;
230.36;9.914.380.64;6.389.221.37;;;;;;;;;;
230.35;9.850.571.84;6.372.537.71;;;;;;;;;;
230.34;9.786.929.88;6.355.854.04;;;;;;;;;;
230.33;9.723.454.76;6.339.170.37;;;;;;;;;;
230.32;9.660.146.48;6.322.486.71;;;;;;;;;;
230.31;9.597.005.03;6.305.803.04;;;;;;;;;;
230.30;9.534.030.42;6.289.119.37;;;;;;;;;;
230.29;9.471.222.64;6.272.435.70;;;;;;;;;;
230.28;9.408.581.70;6.255.752.04;;;;;;;;;;
230.27;9.346.107.60;6.239.068.37;;;;;;;;;;
230.26;9.283.800.33;6.222.384.70;;;;;;;;;;
230.25;9.221.659.91;6.205.701.04;;;;;;;;;;
230.24;9.159.686.31;6.189.017.37;;;;;;;;;;
230.23;9.097.879.56;6.172.333.70;;;;;;;;;;
230.22;9.036.239.64;6.155.650.04;;;;;;;;;;
230.21;8.974.766.56;6.138.966.37;;;;;;;;;;
230.20;8.913.460.31;6.122.282.70;;;;;;;;;;
230.19;8.852.320.90;6.105.599.03;;;;;;;;;;
230.18;8.791.348.33;6.088.915.37;;;;;;;;;;
230.17;8.730.542.60;6.072.231.70;;;;;;;;;;
230.16;8.669.903.70;6.055.548.03;;;;;;;;;;
230.15;8.609.431.64;6.038.864.37;;;;;;;;;;
230.14;8.549.126.41;6.022.180.70;;;;;;;;;;
230.13;8.488.988.02;6.005.497.03;;;;;;;;;;
230.12;8.429.016.47;5.988.813.37;;;;;;;;;;
230.11;8.369.211.75;5.972.129.70;;;;;;;;;;
230.10;8.309.573.88;5.955.446.03;;;;;;;;;;
230.09;8.250.102.83;5.938.762.36;;;;;;;;;;
230.08;8.190.798.63;5.922.078.70;;;;;;;;;;
230.07;8.131.661.26;5.905.395.03;;;;;;;;;;
230.06;8.072.690.73;5.888.711.36;;;;;;;;;;
230.05;8.013.887.03;5.872.027.70;;;;;;;;;;
230.04;7.955.250.17;5.855.344.03;;;;;;;;;;
230.03;7.896.780.15;5.838.660.36;;;;;;;;;;
230.02;7.838.476.97;5.821.976.69;;;;;;;;;;
230.01;7.780.340.62;5.805.293.03;;;;;;;;;;
230.51;10.891.532.97;6.639.476.38;;;;;;;;;;
230.52;10.958.011.15;6.656.160.05;;;;;;;;;;
230.53;11.024.656.17;6.672.843.71;;;;;;;;;;
230.54;11.091.468.03;6.689.527.38;;;;;;;;;;
230.55;11.158.446.72;6.706.211.05;;;;;;;;;;
230.56;11.225.592.25;6.722.894.71;;;;;;;;;;
230.57;11.292.904.61;6.739.578.38;;;;;;;;;;
230.58;11.360.383.82;6.756.262.05;;;;;;;;;;
230.59;11.428.029.85;6.772.945.72;;;;;;;;;;
230.60;11.495.842.73;6.789.629.38;;;;;;;;;;
230.61;11.563.822.44;6.806.313.05;;;;;;;;;;
230.62;11.631.968.99;6.822.996.72;;;;;;;;;;
230.63;11.700.282.38;6.839.680.38;;;;;;;;;;
230.64;11.768.762.60;6.856.364.05;;;;;;;;;;
230.65;11.837.409.66;6.873.047.72;;;;;;;;;;
230.66;11.906.223.55;6.889.731.38;;;;;;;;;;
230.67;11.975.204.28;6.906.415.05;;;;;;;;;;
230.68;12.044.351.85;6.923.098.72;;;;;;;;;;
230.69;12.113.666.26;6.939.782.39;;;;;;;;;;
230.70;12.183.147.50;6.956.466.05;;;;;;;;;;
230.71;12.252.795.58;6.973.149.72;;;;;;;;;;
230.72;12.322.610.50;6.989.833.39;;;;;;;;;;
230.73;12.392.592.25;7.006.517.05;;;;;;;;;;
230.74;12.462.740.84;7.023.200.72;;;;;;;;;;
230.75;12.533.056.26;7.039.884.39;;;;;;;;;;
230.76;12.603.538.52;7.056.568.05;;;;;;;;;;
230.77;12.674.187.62;7.073.251.72;;;;;;;;;;
230.78;12.745.003.56;7.089.935.39;;;;;;;;;;
230.79;12.815.986.33;7.106.619.06;;;;;;;;;;
230.80;12.887.135.94;7.123.302.72;;;;;;;;;;
230.81;12.958.452.39;7.139.986.39;;;;;;;;;;
230.82;13.029.935.67;7.156.670.06;;;;;;;;;;
230.83;13.101.585.79;7.173.353.72;;;;;;;;;;
230.84;13.173.402.74;7.190.037.39;;;;;;;;;;
230.85;13.245.386.53;7.206.721.06;;;;;;;;;;
230.86;13.317.537.16;7.223.404.72;;;;;;;;;;
230.87;13.389.854.63;7.240.088.39;;;;;;;;;;
230.88;13.462.338.93;7.256.772.06;;;;;;;;;;
230.89;13.534.990.07;7.273.455.73;;;;;;;;;;
230.90;13.607.808.05;7.290.139.39;;;;;;;;;;
230.91;13.680.792.86;7.306.823.06;;;;;;;;;;
230.92;13.753.944.51;7.323.506.73;;;;;;;;;;
230.93;13.827.262.99;7.340.190.39;;;;;;;;;;
230.94;13.900.748.31;7.356.874.06;;;;;;;;;;
230.95;13.974.400.47;7.373.557.73;;;;;;;;;;
230.96;14.048.219.47;7.390.241.39;;;;;;;;;;
230.97;14.122.205.30;7.406.925.06;;;;;;;;;;
230.98;14.196.357.97;7.423.608.73;;;;;;;;;;
230.99;14.270.677.48;7.440.292.40;;;;;;;;;;
231.00;14.345.163.82;7.456.976.06;;;;;;;;;;
231.01;14.419.872.37;7.484.733.78;;;;;;;;;;
231.02;14.494.858.49;7.512.491.50;;;;;;;;;;
231.03;14.570.122.20;7.540.249.22;;;;;;;;;;
231.04;14.645.663.48;7.568.006.94;;;;;;;;;;
231.05;14.721.482.34;7.595.764.66;;;;;;;;;;
231.06;14.797.578.77;7.623.522.38;;;;;;;;;;
231.07;14.873.952.78;7.651.280.09;;;;;;;;;;
231.08;14.950.604.37;7.679.037.81;;;;;;;;;;
231.09;15.027.533.54;7.706.795.53;;;;;;;;;;
231.10;15.104.740.28;7.734.553.25;;;;;;;;;;
231.11;15.182.224.61;7.762.310.97;;;;;;;;;;
231.12;15.259.986.50;7.790.068.69;;;;;;;;;;
231.13;15.338.025.98;7.817.826.41;;;;;;;;;;
231.14;15.416.343.03;7.845.584.13;;;;;;;;;;
231.15;15.494.937.66;7.873.341.84;;;;;;;;;;
231.16;15.573.809.87;7.901.099.56;;;;;;;;;;
231.17;15.652.959.65;7.928.857.28;;;;;;;;;;
231.18;15.732.387.01;7.956.615.00;;;;;;;;;;
231.19;15.812.091.95;7.984.372.72;;;;;;;;;;
231.20;15.892.074.47;8.012.130.44;;;;;;;;;;
231.21;15.972.334.56;8.039.888.16;;;;;;;;;;
231.22;16.052.872.23;8.067.645.88;;;;;;;;;;
231.23;16.133.687.48;8.095.403.59;;;;;;;;;;
231.24;16.214.780.30;8.123.161.31;;;;;;;;;;
231.25;16.296.150.71;8.150.919.03;;;;;;;;;;
231.26;16.377.798.68;8.178.676.75;;;;;;;;;;
231.27;16.459.724.24;8.206.434.47;;;;;;;;;;
231.28;16.541.927.37;8.234.192.19;;;;;;;;;;
231.29;16.624.408.08;8.261.949.91;;;;;;;;;;
231.30;16.707.166.37;8.289.707.63;;;;;;;;;;
231.31;16.790.202.24;8.317.465.34;;;;;;;;;;
231.32;16.873.515.68;8.345.223.06;;;;;;;;;;
231.33;16.957.106.70;8.372.980.78;;;;;;;;;;
231.34;17.040.975.29;8.400.738.50;;;;;;;;;;
231.35;17.125.121.47;8.428.496.22;;;;;;;;;;
231.36;17.209.545.22;8.456.253.94;;;;;;;;;;
231.37;17.294.246.55;8.484.011.66;;;;;;;;;;
231.38;17.379.225.45;8.511.769.38;;;;;;;;;;
231.39;17.464.481.93;8.539.527.09;;;;;;;;;;
231.40;17.550.015.99;8.567.284.81;;;;;;;;;;
231.41;17.635.827.63;8.595.042.53;;;;;;;;;;
231.42;17.721.916.84;8.622.800.25;;;;;;;;;;
231.43;17.808.283.64;8.650.557.97;;;;;;;;;;
231.44;17.894.928.00;8.678.315.69;;;;;;;;;;
231.45;17.981.849.95;8.706.073.41;;;;;;;;;;
231.46;18.069.049.47;8.733.831.13;;;;;;;;;;
231.47;18.156.526.57;8.761.588.84;;;;;;;;;;
231.48;18.244.281.25;8.789.346.56;;;;;;;;;;
231.49;18.332.313.50;8.817.104.28;;;;;;;;;;
231.50;18.420.623.33;8.844.862.00;;;;;;;;;;
;;;;;;;;;;;;
